{"C8v14S/ehTszzjdkWTYGpQ==":"favicon-1200x1200.png","RRY308Zmg99F86OBYWU9Xg==":"health-18-1920x1080.jpg","MeAJjNKpUVu1/ZyKY/3qPA==":"health-22-1920x1080.jpg","mSpyu/82wATVMoql9nys3g==":"health-37-1440x327.jpg","CblR6uu4Lrn22ALfVqkg9A==":"health-38-1440x327.jpg","NEUvdLEcaCyS8abqe+sL+w==":"allianz-500x320.png","qKpp04Ah/gSJvog+Gdi0og==":"allianz-1-500x320.png","RnmHnTNfh0JyWorfSfNgXw==":"amil-500x320.png","PoWeD+woB6dvb7NcgRahzg==":"ameplan-500x320.png","bg/I7ZIx4hvfkB1YjhfHZA==":"amil%20dental-500x320.png","IOEiSLYiEIfqIsdbvcRcYQ==":"amil%20dental-500x320.png","kvgulsbVBNX5r5CQAJ1EKw==":"bradesco-500x320.png","C/Dzs5l6FvkYqb9MB5Yc2w==":"greenline-500x320.png","WktnSH181OScK3tNfAxyow==":"metlife-500x320.png","i4lh0lINAkU/B0SyL3D6WA==":"notredame-500x320.png","an0c5MVPbQm+r3tTdP1hRw==":"one%20health-500x320.png","F8pqpi2A/wYgxyCMeCxCWA==":"porto%20seguro-500x320.png","Poj1ZeLzPwZZdVrJkrYKCA==":"s%C3%A3o%20cristov%C3%A3o-500x320.png","OcvLC7W9RlFF6ExfHTp/+Q==":"sulam%C3%A9rica-500x320.png","F273qMwl2gz9Lqoi96SnYg==":"trasmontano-500x320.png","Bph1blnz4CGRQNyyFMrYeQ==":"unimed-500x320.png","Y5kJlEN6FZII3LZ603FIHA==":"destaque-1-500x320.png","B5ZnNvSdzJUm3jAINlXfYw==":"destaque-2-500x320.png","Pi5fd7pS0q73eVt1cXPoLA==":"health-10-1920x1080.jpg","aBAGKpdMcs05E6KU8Qih+g==":"favicon-1-1200x1200.png","bspVW4xAfwIf4eg/8T3bqQ==":"health-15-1920x1080.jpg","umm+O7r6z7kzR5c1ICJuEQ==":"health-36-1920x1080.jpg"}